Year,Mean
2020,43.995922142605146
2021,46.713046633433386
2022,42.22458675077008
2023,50.343927665786204
