Year,Mean
2020,41.880208333333336
2021,35.671875
2022,37.744791666666664
2023,43.708333333333336